,cycle,host biomass,virus mass,ATPM,VBOF
0,0.0,5e-06,0.0,1.0,0.0164717902712
1,0.01,5e-06,8.235895135600001e-10,1.0,0.0164717902712
2,0.02,5e-06,1.6471790271200002e-09,1.0,0.0164717902712
3,0.03,5e-06,2.4707685406800002e-09,1.0,0.0164717902712
4,0.04,5e-06,3.2943580542400004e-09,1.0,0.0164717902712
5,0.05,5e-06,4.1179475678e-09,1.0,0.0164717902712
6,0.06,5e-06,4.9415370813600004e-09,1.0,0.0164717902712
7,0.07,5e-06,5.765126594920001e-09,1.0,0.0164717902712
8,0.08,5e-06,6.588716108480001e-09,1.0,0.0164717902712
9,0.09,5e-06,7.412305622040001e-09,1.0,0.0164717902712
10,0.1,5e-06,8.2358951356e-09,1.0,0.0164717902712
11,0.11,5e-06,9.05948464916e-09,1.0,0.0164717902712
12,0.12,5e-06,9.88307416272e-09,1.0,0.0164717902712
13,0.13,5e-06,1.0706663676279999e-08,1.0,0.0164717902712
14,0.14,5e-06,1.1530253189839998e-08,1.0,0.0164717902712
15,0.15,5e-06,1.2353842703399997e-08,1.0,0.0164717902712
16,0.16,5e-06,1.3177432216959997e-08,1.0,0.0164717902712
17,0.17,5e-06,1.4001021730519996e-08,1.0,0.0164717902712
18,0.18,5e-06,1.4824611244079995e-08,1.0,0.0164717902712
19,0.19,5e-06,1.5648200757639995e-08,1.0,0.0164717902712
20,0.2,5e-06,1.6471790271199994e-08,1.0,0.0164717902712
21,0.21,5e-06,1.7295379784759994e-08,1.0,0.0164717902712
22,0.22,5e-06,1.8118969298319993e-08,1.0,0.0164717902712
23,0.23,5e-06,1.8942558811879992e-08,1.0,0.0164717902712
24,0.24,5e-06,1.9766148325439992e-08,1.0,0.0164717902712
25,0.25,5e-06,2.058973783899999e-08,1.0,0.0164717902712
26,0.26,5e-06,2.141332735255999e-08,1.0,0.0164717902712
27,0.27,5e-06,2.223691686611999e-08,1.0,0.0164717902712
28,0.28,5e-06,2.306050637967999e-08,1.0,0.0164717902712
29,0.29,5e-06,2.388409589323999e-08,1.0,0.0164717902712
30,0.3,5e-06,2.4707685406799988e-08,1.0,0.0164717902712
31,0.31,5e-06,2.5531274920359987e-08,1.0,0.0164717902712
32,0.32,5e-06,2.6354864433919987e-08,1.0,0.0164717902712
33,0.33,5e-06,2.7178453947479986e-08,1.0,0.0164717902712
34,0.34,5e-06,2.8002043461039986e-08,1.0,0.0164717902712
35,0.35000000000000003,5e-06,2.8825632974599985e-08,1.0,0.0164717902712
36,0.36,5e-06,2.9649222488159984e-08,1.0,0.0164717902712
37,0.37,5e-06,3.0472812001719984e-08,1.0,0.0164717902712
38,0.38,5e-06,3.129640151527998e-08,1.0,0.0164717902712
39,0.39,5e-06,3.211999102883998e-08,1.0,0.0164717902712
40,0.4,5e-06,3.294358054239998e-08,1.0,0.0164717902712
41,0.41000000000000003,5e-06,3.376717005595998e-08,1.0,0.0164717902712
42,0.42,5e-06,3.459075956951998e-08,1.0,0.0164717902712
43,0.43,5e-06,3.541434908307998e-08,1.0,0.0164717902712
44,0.44,5e-06,3.623793859663998e-08,1.0,0.0164717902712
45,0.45,5e-06,3.706152811019998e-08,1.0,0.0164717902712
46,0.46,5e-06,3.788511762375998e-08,1.0,0.0164717902712
47,0.47000000000000003,5e-06,3.870870713731998e-08,1.0,0.0164717902712
48,0.48,5e-06,3.953229665087998e-08,1.0,0.0164717902712
49,0.49,5e-06,4.0355886164439976e-08,1.0,0.0164717902712
50,0.5,5e-06,4.1179475677999976e-08,1.0,0.0164717902712
51,0.51,5e-06,4.2003065191559975e-08,1.0,0.0164717902712
52,0.52,5e-06,4.2826654705119974e-08,1.0,0.0164717902712
53,0.53,5e-06,4.3650244218679974e-08,1.0,0.0164717902712
54,0.54,5e-06,4.447383373223997e-08,1.0,0.0164717902712
55,0.55,5e-06,4.529742324579997e-08,1.0,0.0164717902712
56,0.56,5e-06,4.612101275935997e-08,1.0,0.0164717902712
57,0.5700000000000001,5e-06,4.694460227291997e-08,1.0,0.0164717902712
58,0.58,5e-06,4.776819178647997e-08,1.0,0.0164717902712
59,0.59,5e-06,4.859178130003997e-08,1.0,0.0164717902712
60,0.6,5e-06,4.941537081359997e-08,1.0,0.0164717902712
61,0.61,5e-06,5.023896032715997e-08,1.0,0.0164717902712
62,0.62,5e-06,5.106254984071997e-08,1.0,0.0164717902712
63,0.63,5e-06,5.188613935427997e-08,1.0,0.0164717902712
64,0.64,5e-06,5.270972886783997e-08,1.0,0.0164717902712
65,0.65,5e-06,5.3533318381399966e-08,1.0,0.0164717902712
66,0.66,5e-06,5.4356907894959966e-08,1.0,0.0164717902712
67,0.67,5e-06,5.5180497408519965e-08,1.0,0.0164717902712
68,0.68,5e-06,5.6004086922079965e-08,1.0,0.0164717902712
69,0.6900000000000001,5e-06,5.6827676435639964e-08,1.0,0.0164717902712
70,0.7000000000000001,5e-06,5.765126594919996e-08,1.0,0.0164717902712
71,0.71,5e-06,5.847485546275996e-08,1.0,0.0164717902712
72,0.72,5e-06,5.929844497631996e-08,1.0,0.0164717902712
73,0.73,5e-06,6.012203448987996e-08,1.0,0.0164717902712
74,0.74,5e-06,6.094562400343997e-08,1.0,0.0164717902712
75,0.75,5e-06,6.176921351699997e-08,1.0,0.0164717902712
76,0.76,5e-06,6.259280303055998e-08,1.0,0.0164717902712
77,0.77,5e-06,6.341639254411999e-08,1.0,0.0164717902712
78,0.78,5e-06,6.423998205767999e-08,1.0,0.0164717902712
79,0.79,5e-06,6.506357157124e-08,1.0,0.0164717902712
80,0.8,5e-06,6.58871610848e-08,1.0,0.0164717902712
81,0.81,5e-06,6.671075059836001e-08,1.0,0.0164717902712
82,0.8200000000000001,5e-06,6.753434011192002e-08,1.0,0.0164717902712
83,0.8300000000000001,5e-06,6.835792962548002e-08,1.0,0.0164717902712
84,0.84,5e-06,6.918151913904003e-08,1.0,0.0164717902712
85,0.85,5e-06,7.000510865260003e-08,1.0,0.0164717902712
86,0.86,5e-06,7.082869816616004e-08,1.0,0.0164717902712
87,0.87,5e-06,7.165228767972005e-08,1.0,0.0164717902712
88,0.88,5e-06,7.247587719328005e-08,1.0,0.0164717902712
89,0.89,5e-06,7.329946670684006e-08,1.0,0.0164717902712
90,0.9,5e-06,7.412305622040006e-08,1.0,0.0164717902712
91,0.91,5e-06,7.494664573396007e-08,1.0,0.0164717902712
92,0.92,5e-06,7.577023524752008e-08,1.0,0.0164717902712
93,0.93,5e-06,7.659382476108008e-08,1.0,0.0164717902712
94,0.9400000000000001,5e-06,7.741741427464009e-08,1.0,0.0164717902712
95,0.9500000000000001,5e-06,7.824100378820009e-08,1.0,0.0164717902712
96,0.96,5e-06,7.90645933017601e-08,1.0,0.0164717902712
97,0.97,5e-06,7.98881828153201e-08,1.0,0.0164717902712
98,0.98,5e-06,8.071177232888011e-08,1.0,0.0164717902712
99,0.99,5e-06,8.153536184244012e-08,1.0,0.0164717902712
100,1.0,5e-06,8.235895135600012e-08,1.0,0.0164717902712
101,1.01,5e-06,8.318254086956013e-08,1.0,0.0164717902712
102,1.02,5e-06,8.400613038312014e-08,1.0,0.0164717902712
103,1.03,5e-06,8.482971989668014e-08,1.0,0.0164717902712
104,1.04,5e-06,8.565330941024015e-08,1.0,0.0164717902712
105,1.05,5e-06,8.647689892380015e-08,1.0,0.0164717902712
106,1.06,5e-06,8.730048843736016e-08,1.0,0.0164717902712
107,1.07,5e-06,8.812407795092017e-08,1.0,0.0164717902712
108,1.08,5e-06,8.894766746448017e-08,1.0,0.0164717902712
109,1.09,5e-06,8.977125697804018e-08,1.0,0.0164717902712
110,1.1,5e-06,9.059484649160018e-08,1.0,0.0164717902712
111,1.11,5e-06,9.141843600516019e-08,1.0,0.0164717902712
112,1.12,5e-06,9.22420255187202e-08,1.0,0.0164717902712
113,1.1300000000000001,5e-06,9.30656150322802e-08,1.0,0.0164717902712
114,1.1400000000000001,5e-06,9.388920454584021e-08,1.0,0.0164717902712
115,1.1500000000000001,5e-06,9.471279405940021e-08,1.0,0.0164717902712
116,1.16,5e-06,9.553638357296022e-08,1.0,0.0164717902712
117,1.17,5e-06,9.635997308652023e-08,1.0,0.0164717902712
118,1.18,5e-06,9.718356260008023e-08,1.0,0.0164717902712
119,1.19,5e-06,9.800715211364024e-08,1.0,0.0164717902712
120,1.2,5e-06,9.883074162720024e-08,1.0,0.0164717902712
121,1.21,5e-06,9.965433114076025e-08,1.0,0.0164717902712
122,1.22,5e-06,1.0047792065432026e-07,1.0,0.0164717902712
123,1.23,5e-06,1.0130151016788026e-07,1.0,0.0164717902712
124,1.24,5e-06,1.0212509968144027e-07,1.0,0.0164717902712
125,1.25,5e-06,1.0294868919500027e-07,1.0,0.0164717902712
126,1.26,5e-06,1.0377227870856028e-07,1.0,0.0164717902712
127,1.27,5e-06,1.0459586822212029e-07,1.0,0.0164717902712
128,1.28,5e-06,1.0541945773568029e-07,1.0,0.0164717902712
129,1.29,5e-06,1.062430472492403e-07,1.0,0.0164717902712
130,1.3,5e-06,1.070666367628003e-07,1.0,0.0164717902712
131,1.31,5e-06,1.0789022627636031e-07,1.0,0.0164717902712
132,1.32,5e-06,1.0871381578992032e-07,1.0,0.0164717902712
133,1.33,5e-06,1.0953740530348032e-07,1.0,0.0164717902712
134,1.34,5e-06,1.1036099481704033e-07,1.0,0.0164717902712
135,1.35,5e-06,1.1118458433060033e-07,1.0,0.0164717902712
136,1.36,5e-06,1.1200817384416034e-07,1.0,0.0164717902712
137,1.37,5e-06,1.1283176335772035e-07,1.0,0.0164717902712
138,1.3800000000000001,5e-06,1.1365535287128035e-07,1.0,0.0164717902712
139,1.3900000000000001,5e-06,1.1447894238484036e-07,1.0,0.0164717902712
140,1.4000000000000001,5e-06,1.1530253189840036e-07,1.0,0.0164717902712
141,1.41,5e-06,1.1612612141196037e-07,1.0,0.0164717902712
142,1.42,5e-06,1.1694971092552038e-07,1.0,0.0164717902712
143,1.43,5e-06,1.1777330043908038e-07,1.0,0.0164717902712
144,1.44,5e-06,1.1859688995264039e-07,1.0,0.0164717902712
145,1.45,5e-06,1.1942047946620038e-07,1.0,0.0164717902712
146,1.46,5e-06,1.2024406897976037e-07,1.0,0.0164717902712
147,1.47,5e-06,1.2106765849332037e-07,1.0,0.0164717902712
148,1.48,5e-06,1.2189124800688036e-07,1.0,0.0164717902712
149,1.49,5e-06,1.2271483752044035e-07,1.0,0.0164717902712
150,1.5,5e-06,1.2353842703400034e-07,1.0,0.0164717902712
151,1.51,5e-06,1.2436201654756034e-07,1.0,0.0164717902712
152,1.52,5e-06,1.2518560606112033e-07,1.0,0.0164717902712
153,1.53,5e-06,1.2600919557468032e-07,1.0,0.0164717902712
154,1.54,5e-06,1.2683278508824031e-07,1.0,0.0164717902712
155,1.55,5e-06,1.276563746018003e-07,1.0,0.0164717902712
156,1.56,5e-06,1.284799641153603e-07,1.0,0.0164717902712
157,1.57,5e-06,1.293035536289203e-07,1.0,0.0164717902712
158,1.58,5e-06,1.3012714314248029e-07,1.0,0.0164717902712
159,1.59,5e-06,1.3095073265604028e-07,1.0,0.0164717902712
160,1.6,5e-06,1.3177432216960027e-07,1.0,0.0164717902712
161,1.61,5e-06,1.3259791168316026e-07,1.0,0.0164717902712
162,1.62,5e-06,1.3342150119672026e-07,1.0,0.0164717902712
163,1.6300000000000001,5e-06,1.3424509071028025e-07,1.0,0.0164717902712
164,1.6400000000000001,5e-06,1.3506868022384024e-07,1.0,0.0164717902712
165,1.6500000000000001,5e-06,1.3589226973740024e-07,1.0,0.0164717902712
166,1.6600000000000001,5e-06,1.3671585925096023e-07,1.0,0.0164717902712
167,1.67,5e-06,1.3753944876452022e-07,1.0,0.0164717902712
168,1.68,5e-06,1.3836303827808021e-07,1.0,0.0164717902712
169,1.69,5e-06,1.391866277916402e-07,1.0,0.0164717902712
170,1.7,5e-06,1.400102173052002e-07,1.0,0.0164717902712
171,1.71,5e-06,1.408338068187602e-07,1.0,0.0164717902712
172,1.72,5e-06,1.4165739633232018e-07,1.0,0.0164717902712
173,1.73,5e-06,1.4248098584588018e-07,1.0,0.0164717902712
174,1.74,5e-06,1.4330457535944017e-07,1.0,0.0164717902712
175,1.75,5e-06,1.4412816487300016e-07,1.0,0.0164717902712
176,1.76,5e-06,1.4495175438656016e-07,1.0,0.0164717902712
177,1.77,5e-06,1.4577534390012015e-07,1.0,0.0164717902712
178,1.78,5e-06,1.4659893341368014e-07,1.0,0.0164717902712
179,1.79,5e-06,1.4742252292724013e-07,1.0,0.0164717902712
180,1.8,5e-06,1.4824611244080013e-07,1.0,0.0164717902712
181,1.81,5e-06,1.4906970195436012e-07,1.0,0.0164717902712
182,1.82,5e-06,1.498932914679201e-07,1.0,0.0164717902712
183,1.83,5e-06,1.507168809814801e-07,1.0,0.0164717902712
184,1.84,5e-06,1.515404704950401e-07,1.0,0.0164717902712
185,1.85,5e-06,1.523640600086001e-07,1.0,0.0164717902712
186,1.86,5e-06,1.5318764952216008e-07,1.0,0.0164717902712
187,1.87,5e-06,1.5401123903572008e-07,1.0,0.0164717902712
188,1.8800000000000001,5e-06,1.5483482854928007e-07,1.0,0.0164717902712
189,1.8900000000000001,5e-06,1.5565841806284006e-07,1.0,0.0164717902712
190,1.9000000000000001,5e-06,1.5648200757640005e-07,1.0,0.0164717902712
191,1.9100000000000001,5e-06,1.5730559708996005e-07,1.0,0.0164717902712
192,1.92,5e-06,1.5812918660352004e-07,1.0,0.0164717902712
193,1.93,5e-06,1.5895277611708003e-07,1.0,0.0164717902712
194,1.94,5e-06,1.5977636563064003e-07,1.0,0.0164717902712
195,1.95,5e-06,1.6059995514420002e-07,1.0,0.0164717902712
196,1.96,5e-06,1.6142354465776e-07,1.0,0.0164717902712
197,1.97,5e-06,1.6224713417132e-07,1.0,0.0164717902712
198,1.98,5e-06,1.6307072368488e-07,1.0,0.0164717902712
199,1.99,5e-06,1.6389431319844e-07,1.0,0.0164717902712
200,2.0,5e-06,1.6471790271199998e-07,1.0,0.0164717902712
201,2.0100000000000002,5e-06,1.6554149222555997e-07,1.0,0.0164717902712
202,2.02,5e-06,1.6636508173911997e-07,1.0,0.0164717902712
203,2.0300000000000002,5e-06,1.6718867125267996e-07,1.0,0.0164717902712
204,2.04,5e-06,1.6801226076623995e-07,1.0,0.0164717902712
205,2.05,5e-06,1.6883585027979995e-07,1.0,0.0164717902712
206,2.06,5e-06,1.6965943979335994e-07,1.0,0.0164717902712
207,2.07,5e-06,1.7048302930691993e-07,1.0,0.0164717902712
208,2.08,5e-06,1.7130661882047992e-07,1.0,0.0164717902712
209,2.09,5e-06,1.7213020833403992e-07,1.0,0.0164717902712
210,2.1,5e-06,1.729537978475999e-07,1.0,0.0164717902712
211,2.11,5e-06,1.737773873611599e-07,1.0,0.0164717902712
212,2.12,5e-06,1.746009768747199e-07,1.0,0.0164717902712
213,2.13,5e-06,1.754245663882799e-07,1.0,0.0164717902712
214,2.14,5e-06,1.7624815590183988e-07,1.0,0.0164717902712
215,2.15,5e-06,1.7707174541539987e-07,1.0,0.0164717902712
216,2.16,5e-06,1.7789533492895987e-07,1.0,0.0164717902712
217,2.17,5e-06,1.7871892444251986e-07,1.0,0.0164717902712
218,2.18,5e-06,1.7954251395607985e-07,1.0,0.0164717902712
219,2.19,5e-06,1.8036610346963984e-07,1.0,0.0164717902712
220,2.2,5e-06,1.8118969298319984e-07,1.0,0.0164717902712
221,2.21,5e-06,1.8201328249675983e-07,1.0,0.0164717902712
222,2.22,5e-06,1.8283687201031982e-07,1.0,0.0164717902712
223,2.23,5e-06,1.8366046152387982e-07,1.0,0.0164717902712
224,2.24,5e-06,1.844840510374398e-07,1.0,0.0164717902712
225,2.25,5e-06,1.853076405509998e-07,1.0,0.0164717902712
226,2.2600000000000002,5e-06,1.861312300645598e-07,1.0,0.0164717902712
227,2.27,5e-06,1.8695481957811979e-07,1.0,0.0164717902712
228,2.2800000000000002,5e-06,1.8777840909167978e-07,1.0,0.0164717902712
229,2.29,5e-06,1.8860199860523977e-07,1.0,0.0164717902712
230,2.3000000000000003,5e-06,1.8942558811879976e-07,1.0,0.0164717902712
231,2.31,5e-06,1.9024917763235976e-07,1.0,0.0164717902712
232,2.32,5e-06,1.9107276714591975e-07,1.0,0.0164717902712
233,2.33,5e-06,1.9189635665947974e-07,1.0,0.0164717902712
234,2.34,5e-06,1.9271994617303974e-07,1.0,0.0164717902712
235,2.35,5e-06,1.9354353568659973e-07,1.0,0.0164717902712
236,2.36,5e-06,1.9436712520015972e-07,1.0,0.0164717902712
237,2.37,5e-06,1.9519071471371971e-07,1.0,0.0164717902712
238,2.38,5e-06,1.960143042272797e-07,1.0,0.0164717902712
239,2.39,5e-06,1.968378937408397e-07,1.0,0.0164717902712
240,2.4,5e-06,1.976614832543997e-07,1.0,0.0164717902712
241,2.41,5e-06,1.9848507276795969e-07,1.0,0.0164717902712
242,2.42,5e-06,1.9930866228151968e-07,1.0,0.0164717902712
243,2.43,5e-06,2.0013225179507967e-07,1.0,0.0164717902712
244,2.44,5e-06,2.0095584130863966e-07,1.0,0.0164717902712
245,2.45,5e-06,2.0177943082219966e-07,1.0,0.0164717902712
246,2.46,5e-06,2.0260302033575965e-07,1.0,0.0164717902712
247,2.47,5e-06,2.0342660984931964e-07,1.0,0.0164717902712
248,2.48,5e-06,2.0425019936287963e-07,1.0,0.0164717902712
249,2.49,5e-06,2.0507378887643963e-07,1.0,0.0164717902712
250,2.5,5e-06,2.0589737838999962e-07,1.0,0.0164717902712
251,2.5100000000000002,5e-06,2.067209679035596e-07,1.0,0.0164717902712
252,2.52,5e-06,2.075445574171196e-07,1.0,0.0164717902712
253,2.5300000000000002,5e-06,2.083681469306796e-07,1.0,0.0164717902712
254,2.54,5e-06,2.091917364442396e-07,1.0,0.0164717902712
255,2.5500000000000003,5e-06,2.1001532595779958e-07,1.0,0.0164717902712
256,2.56,5e-06,2.1083891547135958e-07,1.0,0.0164717902712
257,2.57,5e-06,2.1166250498491957e-07,1.0,0.0164717902712
258,2.58,5e-06,2.1248609449847956e-07,1.0,0.0164717902712
259,2.59,5e-06,2.1330968401203956e-07,1.0,0.0164717902712
260,2.6,5e-06,2.1413327352559955e-07,1.0,0.0164717902712
261,2.61,5e-06,2.1495686303915954e-07,1.0,0.0164717902712
262,2.62,5e-06,2.1578045255271953e-07,1.0,0.0164717902712
263,2.63,5e-06,2.1660404206627953e-07,1.0,0.0164717902712
264,2.64,5e-06,2.1742763157983952e-07,1.0,0.0164717902712
265,2.65,5e-06,2.182512210933995e-07,1.0,0.0164717902712
266,2.66,5e-06,2.190748106069595e-07,1.0,0.0164717902712
267,2.67,5e-06,2.198984001205195e-07,1.0,0.0164717902712
268,2.68,5e-06,2.207219896340795e-07,1.0,0.0164717902712
269,2.69,5e-06,2.2154557914763948e-07,1.0,0.0164717902712
270,2.7,5e-06,2.2236916866119948e-07,1.0,0.0164717902712
271,2.71,5e-06,2.2319275817475947e-07,1.0,0.0164717902712
272,2.72,5e-06,2.2401634768831946e-07,1.0,0.0164717902712
273,2.73,5e-06,2.2483993720187945e-07,1.0,0.0164717902712
274,2.74,5e-06,2.2566352671543945e-07,1.0,0.0164717902712
275,2.75,5e-06,2.2648711622899944e-07,1.0,0.0164717902712
276,2.7600000000000002,5e-06,2.2731070574255943e-07,1.0,0.0164717902712
277,2.77,5e-06,2.2813429525611942e-07,1.0,0.0164717902712
278,2.7800000000000002,5e-06,2.2895788476967942e-07,1.0,0.0164717902712
279,2.79,5e-06,2.297814742832394e-07,1.0,0.0164717902712
280,2.8000000000000003,5e-06,2.306050637967994e-07,1.0,0.0164717902712
281,2.81,5e-06,2.314286533103594e-07,1.0,0.0164717902712
282,2.82,5e-06,2.322522428239194e-07,1.0,0.0164717902712
283,2.83,5e-06,2.3307583233747938e-07,1.0,0.0164717902712
284,2.84,5e-06,2.3389942185103937e-07,1.0,0.0164717902712
285,2.85,5e-06,2.3472301136459937e-07,1.0,0.0164717902712
286,2.86,5e-06,2.3554660087815936e-07,1.0,0.0164717902712
287,2.87,5e-06,2.3637019039171935e-07,1.0,0.0164717902712
288,2.88,5e-06,2.3719377990527935e-07,1.0,0.0164717902712
289,2.89,5e-06,2.3801736941883934e-07,1.0,0.0164717902712
290,2.9,5e-06,2.3884095893239933e-07,1.0,0.0164717902712
291,2.91,5e-06,2.3966454844595935e-07,1.0,0.0164717902712
292,2.92,5e-06,2.4048813795951937e-07,1.0,0.0164717902712
293,2.93,5e-06,2.413117274730794e-07,1.0,0.0164717902712
294,2.94,5e-06,2.421353169866394e-07,1.0,0.0164717902712
295,2.95,5e-06,2.4295890650019943e-07,1.0,0.0164717902712
296,2.96,5e-06,2.4378249601375945e-07,1.0,0.0164717902712
297,2.97,5e-06,2.4460608552731947e-07,1.0,0.0164717902712
298,2.98,5e-06,2.454296750408795e-07,1.0,0.0164717902712
299,2.99,5e-06,2.462532645544395e-07,1.0,0.0164717902712
300,3.0,5e-06,2.470768540679995e-07,1.0,0.0164717902712
301,3.0100000000000002,5e-06,2.4790044358155954e-07,1.0,0.0164717902712
302,3.02,5e-06,2.4872403309511956e-07,1.0,0.0164717902712
303,3.0300000000000002,5e-06,2.495476226086796e-07,1.0,0.0164717902712
304,3.04,5e-06,2.503712121222396e-07,1.0,0.0164717902712
305,3.0500000000000003,5e-06,2.511948016357996e-07,1.0,0.0164717902712
306,3.06,5e-06,2.5201839114935964e-07,1.0,0.0164717902712
307,3.0700000000000003,5e-06,2.5284198066291966e-07,1.0,0.0164717902712
308,3.08,5e-06,2.536655701764797e-07,1.0,0.0164717902712
309,3.09,5e-06,2.544891596900397e-07,1.0,0.0164717902712
310,3.1,5e-06,2.553127492035997e-07,1.0,0.0164717902712
311,3.11,5e-06,2.5613633871715973e-07,1.0,0.0164717902712
312,3.12,5e-06,2.5695992823071975e-07,1.0,0.0164717902712
313,3.13,5e-06,2.5778351774427977e-07,1.0,0.0164717902712
314,3.14,5e-06,2.586071072578398e-07,1.0,0.0164717902712
315,3.15,5e-06,2.594306967713998e-07,1.0,0.0164717902712
316,3.16,5e-06,2.6025428628495983e-07,1.0,0.0164717902712
317,3.17,5e-06,2.6107787579851985e-07,1.0,0.0164717902712
318,3.18,5e-06,2.6190146531207987e-07,1.0,0.0164717902712
319,3.19,5e-06,2.627250548256399e-07,1.0,0.0164717902712
320,3.2,5e-06,2.635486443391999e-07,1.0,0.0164717902712
321,3.21,5e-06,2.6437223385275993e-07,1.0,0.0164717902712
322,3.22,5e-06,2.6519582336631995e-07,1.0,0.0164717902712
323,3.23,5e-06,2.6601941287987997e-07,1.0,0.0164717902712
324,3.24,5e-06,2.6684300239344e-07,1.0,0.0164717902712
325,3.25,5e-06,2.67666591907e-07,1.0,0.0164717902712
326,3.2600000000000002,5e-06,2.6849018142056e-07,1.0,0.0164717902712
327,3.27,5e-06,2.6931377093412004e-07,1.0,0.0164717902712
328,3.2800000000000002,5e-06,2.7013736044768006e-07,1.0,0.0164717902712
329,3.29,5e-06,2.709609499612401e-07,1.0,0.0164717902712
330,3.3000000000000003,5e-06,2.717845394748001e-07,1.0,0.0164717902712
331,3.31,5e-06,2.726081289883601e-07,1.0,0.0164717902712
332,3.3200000000000003,5e-06,2.7343171850192014e-07,1.0,0.0164717902712
333,3.33,5e-06,2.7425530801548016e-07,1.0,0.0164717902712
334,3.34,5e-06,2.750788975290402e-07,1.0,0.0164717902712
335,3.35,5e-06,2.759024870426002e-07,1.0,0.0164717902712
336,3.36,5e-06,2.767260765561602e-07,1.0,0.0164717902712
337,3.37,5e-06,2.7754966606972023e-07,1.0,0.0164717902712
338,3.38,5e-06,2.7837325558328025e-07,1.0,0.0164717902712
339,3.39,5e-06,2.7919684509684027e-07,1.0,0.0164717902712
340,3.4,5e-06,2.800204346104003e-07,1.0,0.0164717902712
341,3.41,5e-06,2.808440241239603e-07,1.0,0.0164717902712
342,3.42,5e-06,2.8166761363752033e-07,1.0,0.0164717902712
343,3.43,5e-06,2.8249120315108035e-07,1.0,0.0164717902712
344,3.44,5e-06,2.8331479266464037e-07,1.0,0.0164717902712
345,3.45,5e-06,2.841383821782004e-07,1.0,0.0164717902712
346,3.46,5e-06,2.849619716917604e-07,1.0,0.0164717902712
347,3.47,5e-06,2.8578556120532043e-07,1.0,0.0164717902712
348,3.48,5e-06,2.8660915071888045e-07,1.0,0.0164717902712
349,3.49,5e-06,2.8743274023244047e-07,1.0,0.0164717902712
350,3.5,5e-06,2.882563297460005e-07,1.0,0.0164717902712
351,3.5100000000000002,5e-06,2.890799192595605e-07,1.0,0.0164717902712
352,3.52,5e-06,2.899035087731205e-07,1.0,0.0164717902712
353,3.5300000000000002,5e-06,2.9072709828668054e-07,1.0,0.0164717902712
354,3.54,5e-06,2.9155068780024056e-07,1.0,0.0164717902712
355,3.5500000000000003,5e-06,2.923742773138006e-07,1.0,0.0164717902712
356,3.56,5e-06,2.931978668273606e-07,1.0,0.0164717902712
357,3.5700000000000003,5e-06,2.940214563409206e-07,1.0,0.0164717902712
358,3.58,5e-06,2.9484504585448064e-07,1.0,0.0164717902712
359,3.59,5e-06,2.9566863536804066e-07,1.0,0.0164717902712
360,3.6,5e-06,2.964922248816007e-07,1.0,0.0164717902712
361,3.61,5e-06,2.973158143951607e-07,1.0,0.0164717902712
362,3.62,5e-06,2.981394039087207e-07,1.0,0.0164717902712
363,3.63,5e-06,2.9896299342228073e-07,1.0,0.0164717902712
364,3.64,5e-06,2.9978658293584075e-07,1.0,0.0164717902712
365,3.65,5e-06,3.0061017244940077e-07,1.0,0.0164717902712
366,3.66,5e-06,3.014337619629608e-07,1.0,0.0164717902712
367,3.67,5e-06,3.022573514765208e-07,1.0,0.0164717902712
368,3.68,5e-06,3.0308094099008083e-07,1.0,0.0164717902712
369,3.69,5e-06,3.0390453050364085e-07,1.0,0.0164717902712
370,3.7,5e-06,3.0472812001720087e-07,1.0,0.0164717902712
371,3.71,5e-06,3.055517095307609e-07,1.0,0.0164717902712
372,3.72,5e-06,3.063752990443209e-07,1.0,0.0164717902712
373,3.73,5e-06,3.0719888855788093e-07,1.0,0.0164717902712
374,3.74,5e-06,3.0802247807144095e-07,1.0,0.0164717902712
375,3.75,5e-06,3.0884606758500097e-07,1.0,0.0164717902712
376,3.7600000000000002,5e-06,3.09669657098561e-07,1.0,0.0164717902712
377,3.77,5e-06,3.10493246612121e-07,1.0,0.0164717902712
378,3.7800000000000002,5e-06,3.11316836125681e-07,1.0,0.0164717902712
379,3.79,5e-06,3.1214042563924104e-07,1.0,0.0164717902712
380,3.8000000000000003,5e-06,3.1296401515280106e-07,1.0,0.0164717902712
381,3.81,5e-06,3.137876046663611e-07,1.0,0.0164717902712
382,3.8200000000000003,5e-06,3.146111941799211e-07,1.0,0.0164717902712
383,3.83,5e-06,3.154347836934811e-07,1.0,0.0164717902712
384,3.84,5e-06,3.1625837320704114e-07,1.0,0.0164717902712
385,3.85,5e-06,3.1708196272060116e-07,1.0,0.0164717902712
386,3.86,5e-06,3.179055522341612e-07,1.0,0.0164717902712
387,3.87,5e-06,3.187291417477212e-07,1.0,0.0164717902712
388,3.88,5e-06,3.195527312612812e-07,1.0,0.0164717902712
389,3.89,5e-06,3.2037632077484123e-07,1.0,0.0164717902712
390,3.9,5e-06,3.2119991028840125e-07,1.0,0.0164717902712
391,3.91,5e-06,3.2202349980196127e-07,1.0,0.0164717902712
392,3.92,5e-06,3.228470893155213e-07,1.0,0.0164717902712
393,3.93,5e-06,3.236706788290813e-07,1.0,0.0164717902712
394,3.94,5e-06,3.2449426834264133e-07,1.0,0.0164717902712
395,3.95,5e-06,3.2531785785620135e-07,1.0,0.0164717902712
396,3.96,5e-06,3.2614144736976137e-07,1.0,0.0164717902712
397,3.97,5e-06,3.269650368833214e-07,1.0,0.0164717902712
398,3.98,5e-06,3.277886263968814e-07,1.0,0.0164717902712
399,3.99,5e-06,3.2861221591044143e-07,1.0,0.0164717902712
400,4.0,5e-06,3.2943580542400145e-07,1.0,0.0164717902712
401,4.01,5e-06,3.3025939493756147e-07,1.0,0.0164717902712
402,4.0200000000000005,5e-06,3.310829844511215e-07,1.0,0.0164717902712
403,4.03,5e-06,3.319065739646815e-07,1.0,0.0164717902712
404,4.04,5e-06,3.327301634782415e-07,1.0,0.0164717902712
405,4.05,5e-06,3.3355375299180154e-07,1.0,0.0164717902712
406,4.0600000000000005,5e-06,3.3437734250536156e-07,1.0,0.0164717902712
407,4.07,5e-06,3.352009320189216e-07,1.0,0.0164717902712
408,4.08,5e-06,3.360245215324816e-07,1.0,0.0164717902712
409,4.09,5e-06,3.368481110460416e-07,1.0,0.0164717902712
410,4.1,5e-06,3.3767170055960164e-07,1.0,0.0164717902712
411,4.11,5e-06,3.3849529007316166e-07,1.0,0.0164717902712
412,4.12,5e-06,3.393188795867217e-07,1.0,0.0164717902712
413,4.13,5e-06,3.401424691002817e-07,1.0,0.0164717902712
414,4.14,5e-06,3.409660586138417e-07,1.0,0.0164717902712
415,4.15,5e-06,3.4178964812740173e-07,1.0,0.0164717902712
416,4.16,5e-06,3.4261323764096175e-07,1.0,0.0164717902712
417,4.17,5e-06,3.4343682715452177e-07,1.0,0.0164717902712
418,4.18,5e-06,3.442604166680818e-07,1.0,0.0164717902712
419,4.19,5e-06,3.450840061816418e-07,1.0,0.0164717902712
420,4.2,5e-06,3.4590759569520183e-07,1.0,0.0164717902712
421,4.21,5e-06,3.4673118520876185e-07,1.0,0.0164717902712
422,4.22,5e-06,3.4755477472232187e-07,1.0,0.0164717902712
423,4.23,5e-06,3.483783642358819e-07,1.0,0.0164717902712
424,4.24,5e-06,3.492019537494419e-07,1.0,0.0164717902712
425,4.25,5e-06,3.5002554326300193e-07,1.0,0.0164717902712
426,4.26,5e-06,3.5084913277656195e-07,1.0,0.0164717902712
427,4.2700000000000005,5e-06,3.5167272229012197e-07,1.0,0.0164717902712
428,4.28,5e-06,3.52496311803682e-07,1.0,0.0164717902712
429,4.29,5e-06,3.53319901317242e-07,1.0,0.0164717902712
430,4.3,5e-06,3.54143490830802e-07,1.0,0.0164717902712
431,4.3100000000000005,5e-06,3.5496708034436204e-07,1.0,0.0164717902712
432,4.32,5e-06,3.5579066985792206e-07,1.0,0.0164717902712
433,4.33,5e-06,3.566142593714821e-07,1.0,0.0164717902712
434,4.34,5e-06,3.574378488850421e-07,1.0,0.0164717902712
435,4.3500000000000005,5e-06,3.582614383986021e-07,1.0,0.0164717902712
436,4.36,5e-06,3.5908502791216214e-07,1.0,0.0164717902712
437,4.37,5e-06,3.5990861742572216e-07,1.0,0.0164717902712
438,4.38,5e-06,3.607322069392822e-07,1.0,0.0164717902712
439,4.39,5e-06,3.615557964528422e-07,1.0,0.0164717902712
440,4.4,5e-06,3.623793859664022e-07,1.0,0.0164717902712
441,4.41,5e-06,3.6320297547996223e-07,1.0,0.0164717902712
442,4.42,5e-06,3.6402656499352225e-07,1.0,0.0164717902712
443,4.43,5e-06,3.6485015450708227e-07,1.0,0.0164717902712
444,4.44,5e-06,3.656737440206423e-07,1.0,0.0164717902712
445,4.45,5e-06,3.664973335342023e-07,1.0,0.0164717902712
446,4.46,5e-06,3.6732092304776233e-07,1.0,0.0164717902712
447,4.47,5e-06,3.6814451256132235e-07,1.0,0.0164717902712
448,4.48,5e-06,3.6896810207488237e-07,1.0,0.0164717902712
449,4.49,5e-06,3.697916915884424e-07,1.0,0.0164717902712
450,4.5,5e-06,3.706152811020024e-07,1.0,0.0164717902712
451,4.51,5e-06,3.7143887061556243e-07,1.0,0.0164717902712
452,4.5200000000000005,5e-06,3.7226246012912245e-07,1.0,0.0164717902712
453,4.53,5e-06,3.7308604964268247e-07,1.0,0.0164717902712
454,4.54,5e-06,3.739096391562425e-07,1.0,0.0164717902712
455,4.55,5e-06,3.747332286698025e-07,1.0,0.0164717902712
456,4.5600000000000005,5e-06,3.755568181833625e-07,1.0,0.0164717902712
457,4.57,5e-06,3.7638040769692254e-07,1.0,0.0164717902712
458,4.58,5e-06,3.7720399721048256e-07,1.0,0.0164717902712
459,4.59,5e-06,3.780275867240426e-07,1.0,0.0164717902712
460,4.6000000000000005,5e-06,3.788511762376026e-07,1.0,0.0164717902712
461,4.61,5e-06,3.796747657511626e-07,1.0,0.0164717902712
462,4.62,5e-06,3.8049835526472264e-07,1.0,0.0164717902712
463,4.63,5e-06,3.8132194477828266e-07,1.0,0.0164717902712
464,4.64,5e-06,3.821455342918427e-07,1.0,0.0164717902712
465,4.65,5e-06,3.829691238054027e-07,1.0,0.0164717902712
466,4.66,5e-06,3.837927133189627e-07,1.0,0.0164717902712
467,4.67,5e-06,3.8461630283252273e-07,1.0,0.0164717902712
468,4.68,5e-06,3.8543989234608275e-07,1.0,0.0164717902712
469,4.69,5e-06,3.8626348185964277e-07,1.0,0.0164717902712
470,4.7,5e-06,3.870870713732028e-07,1.0,0.0164717902712
471,4.71,5e-06,3.879106608867628e-07,1.0,0.0164717902712
472,4.72,5e-06,3.8873425040032283e-07,1.0,0.0164717902712
473,4.73,5e-06,3.8955783991388285e-07,1.0,0.0164717902712
474,4.74,5e-06,3.9038142942744287e-07,1.0,0.0164717902712
475,4.75,5e-06,3.912050189410029e-07,1.0,0.0164717902712
476,4.76,5e-06,3.920286084545629e-07,1.0,0.0164717902712
477,4.7700000000000005,5e-06,3.9285219796812293e-07,1.0,0.0164717902712
478,4.78,5e-06,3.9367578748168295e-07,1.0,0.0164717902712
479,4.79,5e-06,3.9449937699524297e-07,1.0,0.0164717902712
480,4.8,5e-06,3.95322966508803e-07,1.0,0.0164717902712
481,4.8100000000000005,5e-06,3.96146556022363e-07,1.0,0.0164717902712
482,4.82,5e-06,3.96970145535923e-07,1.0,0.0164717902712
483,4.83,5e-06,3.9779373504948304e-07,1.0,0.0164717902712
484,4.84,5e-06,3.9861732456304306e-07,1.0,0.0164717902712
485,4.8500000000000005,5e-06,3.994409140766031e-07,1.0,0.0164717902712
486,4.86,5e-06,4.002645035901631e-07,1.0,0.0164717902712
487,4.87,5e-06,4.010880931037231e-07,1.0,0.0164717902712
488,4.88,5e-06,4.0191168261728314e-07,1.0,0.0164717902712
489,4.89,5e-06,4.0273527213084316e-07,1.0,0.0164717902712
490,4.9,5e-06,4.035588616444032e-07,1.0,0.0164717902712
491,4.91,5e-06,4.043824511579632e-07,1.0,0.0164717902712
492,4.92,5e-06,4.052060406715232e-07,1.0,0.0164717902712
493,4.93,5e-06,4.0602963018508324e-07,1.0,0.0164717902712
494,4.94,5e-06,4.0685321969864325e-07,1.0,0.0164717902712
495,4.95,5e-06,4.0767680921220327e-07,1.0,0.0164717902712
496,4.96,5e-06,4.085003987257633e-07,1.0,0.0164717902712
497,4.97,5e-06,4.093239882393233e-07,1.0,0.0164717902712
498,4.98,5e-06,4.1014757775288333e-07,1.0,0.0164717902712
499,4.99,5e-06,4.1097116726644335e-07,1.0,0.0164717902712
500,5.0,5e-06,4.1179475678000337e-07,1.0,0.0164717902712
501,5.01,5e-06,4.126183462935634e-07,1.0,0.0164717902712
502,5.0200000000000005,5e-06,4.134419358071234e-07,1.0,0.0164717902712
503,5.03,5e-06,4.1426552532068343e-07,1.0,0.0164717902712
504,5.04,5e-06,4.1508911483424345e-07,1.0,0.0164717902712
505,5.05,5e-06,4.1591270434780347e-07,1.0,0.0164717902712
506,5.0600000000000005,5e-06,4.167362938613635e-07,1.0,0.0164717902712
507,5.07,5e-06,4.175598833749235e-07,1.0,0.0164717902712
508,5.08,5e-06,4.183834728884835e-07,1.0,0.0164717902712
509,5.09,5e-06,4.1920706240204354e-07,1.0,0.0164717902712
510,5.1000000000000005,5e-06,4.2003065191560356e-07,1.0,0.0164717902712
511,5.11,5e-06,4.208542414291636e-07,1.0,0.0164717902712
512,5.12,5e-06,4.216778309427236e-07,1.0,0.0164717902712
513,5.13,5e-06,4.225014204562836e-07,1.0,0.0164717902712
514,5.14,5e-06,4.2332500996984364e-07,1.0,0.0164717902712
515,5.15,5e-06,4.2414859948340366e-07,1.0,0.0164717902712
516,5.16,5e-06,4.249721889969637e-07,1.0,0.0164717902712
517,5.17,5e-06,4.257957785105237e-07,1.0,0.0164717902712
518,5.18,5e-06,4.266193680240837e-07,1.0,0.0164717902712
519,5.19,5e-06,4.2744295753764374e-07,1.0,0.0164717902712
520,5.2,5e-06,4.2826654705120375e-07,1.0,0.0164717902712
521,5.21,5e-06,4.290901365647638e-07,1.0,0.0164717902712
522,5.22,5e-06,4.299137260783238e-07,1.0,0.0164717902712
523,5.23,5e-06,4.307373155918838e-07,1.0,0.0164717902712
524,5.24,5e-06,4.3156090510544383e-07,1.0,0.0164717902712
525,5.25,5e-06,4.3238449461900385e-07,1.0,0.0164717902712
526,5.26,5e-06,4.3320808413256387e-07,1.0,0.0164717902712
527,5.2700000000000005,5e-06,4.340316736461239e-07,1.0,0.0164717902712
528,5.28,5e-06,4.348552631596839e-07,1.0,0.0164717902712
529,5.29,5e-06,4.3567885267324393e-07,1.0,0.0164717902712
530,5.3,5e-06,4.3650244218680395e-07,1.0,0.0164717902712
531,5.3100000000000005,5e-06,4.3732603170036397e-07,1.0,0.0164717902712
532,5.32,5e-06,4.38149621213924e-07,1.0,0.0164717902712
533,5.33,5e-06,4.38973210727484e-07,1.0,0.0164717902712
534,5.34,5e-06,4.39796800241044e-07,1.0,0.0164717902712
535,5.3500000000000005,5e-06,4.4062038975460404e-07,1.0,0.0164717902712
536,5.36,5e-06,4.4144397926816406e-07,1.0,0.0164717902712
537,5.37,5e-06,4.422675687817241e-07,1.0,0.0164717902712
538,5.38,5e-06,4.430911582952841e-07,1.0,0.0164717902712
539,5.39,5e-06,4.439147478088441e-07,1.0,0.0164717902712
540,5.4,5e-06,4.4473833732240414e-07,1.0,0.0164717902712
541,5.41,5e-06,4.4556192683596416e-07,1.0,0.0164717902712
542,5.42,5e-06,4.463855163495242e-07,1.0,0.0164717902712
543,5.43,5e-06,4.472091058630842e-07,1.0,0.0164717902712
544,5.44,5e-06,4.480326953766442e-07,1.0,0.0164717902712
545,5.45,5e-06,4.4885628489020424e-07,1.0,0.0164717902712
546,5.46,5e-06,4.4967987440376425e-07,1.0,0.0164717902712
547,5.47,5e-06,4.505034639173243e-07,1.0,0.0164717902712
548,5.48,5e-06,4.513270534308843e-07,1.0,0.0164717902712
549,5.49,5e-06,4.521506429444443e-07,1.0,0.0164717902712
550,5.5,5e-06,4.5297423245800433e-07,1.0,0.0164717902712
551,5.51,5e-06,4.5379782197156435e-07,1.0,0.0164717902712
552,5.5200000000000005,5e-06,4.5462141148512437e-07,1.0,0.0164717902712
553,5.53,5e-06,4.554450009986844e-07,1.0,0.0164717902712
554,5.54,5e-06,4.562685905122444e-07,1.0,0.0164717902712
555,5.55,5e-06,4.5709218002580443e-07,1.0,0.0164717902712
556,5.5600000000000005,5e-06,4.5791576953936445e-07,1.0,0.0164717902712
557,5.57,5e-06,4.5873935905292447e-07,1.0,0.0164717902712
558,5.58,5e-06,4.595629485664845e-07,1.0,0.0164717902712
559,5.59,5e-06,4.603865380800445e-07,1.0,0.0164717902712
560,5.6000000000000005,5e-06,4.612101275936045e-07,1.0,0.0164717902712
561,5.61,5e-06,4.6203371710716454e-07,1.0,0.0164717902712
562,5.62,5e-06,4.6285730662072456e-07,1.0,0.0164717902712
563,5.63,5e-06,4.636808961342846e-07,1.0,0.0164717902712
564,5.64,5e-06,4.645044856478446e-07,1.0,0.0164717902712
565,5.65,5e-06,4.653280751614046e-07,1.0,0.0164717902712
566,5.66,5e-06,4.6615166467496464e-07,1.0,0.0164717902712
567,5.67,5e-06,4.6697525418852466e-07,1.0,0.0164717902712
568,5.68,5e-06,4.677988437020847e-07,1.0,0.0164717902712
569,5.69,5e-06,4.686224332156447e-07,1.0,0.0164717902712
570,5.7,5e-06,4.694460227292047e-07,1.0,0.0164717902712
571,5.71,5e-06,4.7026961224276474e-07,1.0,0.0164717902712
572,5.72,5e-06,4.7109320175632475e-07,1.0,0.0164717902712
573,5.73,5e-06,4.719167912698848e-07,1.0,0.0164717902712
574,5.74,5e-06,4.727403807834448e-07,1.0,0.0164717902712
575,5.75,5e-06,4.735639702970048e-07,1.0,0.0164717902712
576,5.76,5e-06,4.7438755981056483e-07,1.0,0.0164717902712
577,5.7700000000000005,5e-06,4.7521114932412485e-07,1.0,0.0164717902712
578,5.78,5e-06,4.7603473883768487e-07,1.0,0.0164717902712
579,5.79,5e-06,4.768583283512448e-07,1.0,0.0164717902712
580,5.8,5e-06,4.776819178648048e-07,1.0,0.0164717902712
581,5.8100000000000005,5e-06,4.785055073783648e-07,1.0,0.0164717902712
582,5.82,5e-06,4.793290968919247e-07,1.0,0.0164717902712
583,5.83,5e-06,4.801526864054847e-07,1.0,0.0164717902712
584,5.84,5e-06,4.809762759190447e-07,1.0,0.0164717902712
585,5.8500000000000005,5e-06,4.817998654326046e-07,1.0,0.0164717902712
586,5.86,5e-06,4.826234549461646e-07,1.0,0.0164717902712
587,5.87,5e-06,4.834470444597246e-07,1.0,0.0164717902712
588,5.88,5e-06,4.842706339732845e-07,1.0,0.0164717902712
589,5.89,5e-06,4.850942234868445e-07,1.0,0.0164717902712
590,5.9,5e-06,4.859178130004045e-07,1.0,0.0164717902712
591,5.91,5e-06,4.867414025139644e-07,1.0,0.0164717902712
592,5.92,5e-06,4.875649920275244e-07,1.0,0.0164717902712
593,5.93,5e-06,4.883885815410844e-07,1.0,0.0164717902712
594,5.94,5e-06,4.892121710546443e-07,1.0,0.0164717902712
595,5.95,5e-06,4.900357605682043e-07,1.0,0.0164717902712
596,5.96,5e-06,4.908593500817643e-07,1.0,0.0164717902712
597,5.97,5e-06,4.916829395953242e-07,1.0,0.0164717902712
598,5.98,5e-06,4.925065291088842e-07,1.0,0.0164717902712
599,5.99,5e-06,4.933301186224442e-07,1.0,0.0164717902712
600,6.0,5e-06,4.941537081360041e-07,1.0,0.0164717902712
601,6.01,5e-06,4.949772976495641e-07,1.0,0.0164717902712
602,6.0200000000000005,5e-06,4.958008871631241e-07,1.0,0.0164717902712
603,6.03,5e-06,4.96624476676684e-07,1.0,0.0164717902712
604,6.04,5e-06,4.97448066190244e-07,1.0,0.0164717902712
605,6.05,5e-06,4.98271655703804e-07,1.0,0.0164717902712
606,6.0600000000000005,5e-06,4.990952452173639e-07,1.0,0.0164717902712
607,6.07,5e-06,4.999188347309239e-07,1.0,0.0164717902712
608,6.08,5e-06,5.007424242444839e-07,1.0,0.0164717902712
609,6.09,5e-06,5.015660137580438e-07,1.0,0.0164717902712
610,6.1000000000000005,5e-06,5.023896032716038e-07,1.0,0.0164717902712
611,6.11,5e-06,5.032131927851638e-07,1.0,0.0164717902712
612,6.12,5e-06,5.040367822987237e-07,1.0,0.0164717902712
613,6.13,5e-06,5.048603718122837e-07,1.0,0.0164717902712
614,6.140000000000001,5e-06,5.056839613258437e-07,1.0,0.0164717902712
615,6.15,5e-06,5.065075508394036e-07,1.0,0.0164717902712
616,6.16,5e-06,5.073311403529636e-07,1.0,0.0164717902712
617,6.17,5e-06,5.081547298665236e-07,1.0,0.0164717902712
618,6.18,5e-06,5.089783193800835e-07,1.0,0.0164717902712
619,6.19,5e-06,5.098019088936435e-07,1.0,0.0164717902712
620,6.2,5e-06,5.106254984072035e-07,1.0,0.0164717902712
621,6.21,5e-06,5.114490879207634e-07,1.0,0.0164717902712
622,6.22,5e-06,5.122726774343234e-07,1.0,0.0164717902712
623,6.23,5e-06,5.130962669478834e-07,1.0,0.0164717902712
624,6.24,5e-06,5.139198564614433e-07,1.0,0.0164717902712
625,6.25,5e-06,5.147434459750033e-07,1.0,0.0164717902712
626,6.26,5e-06,5.155670354885633e-07,1.0,0.0164717902712
627,6.2700000000000005,5e-06,5.163906250021232e-07,1.0,0.0164717902712
628,6.28,5e-06,5.172142145156832e-07,1.0,0.0164717902712
629,6.29,5e-06,5.180378040292432e-07,1.0,0.0164717902712
630,6.3,5e-06,5.188613935428031e-07,1.0,0.0164717902712
631,6.3100000000000005,5e-06,5.196849830563631e-07,1.0,0.0164717902712
632,6.32,5e-06,5.20508572569923e-07,1.0,0.0164717902712
633,6.33,5e-06,5.21332162083483e-07,1.0,0.0164717902712
634,6.34,5e-06,5.22155751597043e-07,1.0,0.0164717902712
635,6.3500000000000005,5e-06,5.22979341110603e-07,1.0,0.0164717902712
636,6.36,5e-06,5.238029306241629e-07,1.0,0.0164717902712
637,6.37,5e-06,5.246265201377229e-07,1.0,0.0164717902712
638,6.38,5e-06,5.254501096512828e-07,1.0,0.0164717902712
639,6.390000000000001,5e-06,5.262736991648428e-07,1.0,0.0164717902712
640,6.4,5e-06,5.270972886784028e-07,1.0,0.0164717902712
641,6.41,5e-06,5.279208781919627e-07,1.0,0.0164717902712
642,6.42,5e-06,5.287444677055227e-07,1.0,0.0164717902712
643,6.43,5e-06,5.295680572190827e-07,1.0,0.0164717902712
644,6.44,5e-06,5.303916467326426e-07,1.0,0.0164717902712
645,6.45,5e-06,5.312152362462026e-07,1.0,0.0164717902712
646,6.46,5e-06,5.320388257597626e-07,1.0,0.0164717902712
647,6.47,5e-06,5.328624152733225e-07,1.0,0.0164717902712
648,6.48,5e-06,5.336860047868825e-07,1.0,0.0164717902712
649,6.49,5e-06,5.345095943004425e-07,1.0,0.0164717902712
650,6.5,5e-06,5.353331838140024e-07,1.0,0.0164717902712
651,6.51,5e-06,5.361567733275624e-07,1.0,0.0164717902712
652,6.5200000000000005,5e-06,5.369803628411224e-07,1.0,0.0164717902712
653,6.53,5e-06,5.378039523546823e-07,1.0,0.0164717902712
654,6.54,5e-06,5.386275418682423e-07,1.0,0.0164717902712
655,6.55,5e-06,5.394511313818023e-07,1.0,0.0164717902712
656,6.5600000000000005,5e-06,5.402747208953622e-07,1.0,0.0164717902712
657,6.57,5e-06,5.410983104089222e-07,1.0,0.0164717902712
658,6.58,5e-06,5.419218999224822e-07,1.0,0.0164717902712
659,6.59,5e-06,5.427454894360421e-07,1.0,0.0164717902712
660,6.6000000000000005,5e-06,5.435690789496021e-07,1.0,0.0164717902712
661,6.61,5e-06,5.443926684631621e-07,1.0,0.0164717902712
662,6.62,5e-06,5.45216257976722e-07,1.0,0.0164717902712
663,6.63,5e-06,5.46039847490282e-07,1.0,0.0164717902712
664,6.640000000000001,5e-06,5.46863437003842e-07,1.0,0.0164717902712
665,6.65,5e-06,5.476870265174019e-07,1.0,0.0164717902712
666,6.66,5e-06,5.485106160309619e-07,1.0,0.0164717902712
667,6.67,5e-06,5.493342055445219e-07,1.0,0.0164717902712
668,6.68,5e-06,5.501577950580818e-07,1.0,0.0164717902712
669,6.69,5e-06,5.509813845716418e-07,1.0,0.0164717902712
670,6.7,5e-06,5.518049740852018e-07,1.0,0.0164717902712
671,6.71,5e-06,5.526285635987617e-07,1.0,0.0164717902712
672,6.72,5e-06,5.534521531123217e-07,1.0,0.0164717902712
673,6.73,5e-06,5.542757426258817e-07,1.0,0.0164717902712
674,6.74,5e-06,5.550993321394416e-07,1.0,0.0164717902712
675,6.75,5e-06,5.559229216530016e-07,1.0,0.0164717902712
676,6.76,5e-06,5.567465111665616e-07,1.0,0.0164717902712
677,6.7700000000000005,5e-06,5.575701006801215e-07,1.0,0.0164717902712
678,6.78,5e-06,5.583936901936815e-07,1.0,0.0164717902712
679,6.79,5e-06,5.592172797072415e-07,1.0,0.0164717902712
680,6.8,5e-06,5.600408692208014e-07,1.0,0.0164717902712
681,6.8100000000000005,5e-06,5.608644587343614e-07,1.0,0.0164717902712
682,6.82,5e-06,5.616880482479214e-07,1.0,0.0164717902712
683,6.83,5e-06,5.625116377614813e-07,1.0,0.0164717902712
684,6.84,5e-06,5.633352272750413e-07,1.0,0.0164717902712
685,6.8500000000000005,5e-06,5.641588167886013e-07,1.0,0.0164717902712
686,6.86,5e-06,5.649824063021612e-07,1.0,0.0164717902712
687,6.87,5e-06,5.658059958157212e-07,1.0,0.0164717902712
688,6.88,5e-06,5.666295853292812e-07,1.0,0.0164717902712
689,6.890000000000001,5e-06,5.674531748428411e-07,1.0,0.0164717902712
690,6.9,5e-06,5.682767643564011e-07,1.0,0.0164717902712
691,6.91,5e-06,5.691003538699611e-07,1.0,0.0164717902712
692,6.92,5e-06,5.69923943383521e-07,1.0,0.0164717902712
693,6.93,5e-06,5.70747532897081e-07,1.0,0.0164717902712
694,6.94,5e-06,5.71571122410641e-07,1.0,0.0164717902712
695,6.95,5e-06,5.723947119242009e-07,1.0,0.0164717902712
696,6.96,5e-06,5.732183014377609e-07,1.0,0.0164717902712
697,6.97,5e-06,5.740418909513209e-07,1.0,0.0164717902712
698,6.98,5e-06,5.748654804648808e-07,1.0,0.0164717902712
699,6.99,5e-06,5.756890699784408e-07,1.0,0.0164717902712
700,7.0,5e-06,5.765126594920008e-07,1.0,0.0164717902712
701,7.01,5e-06,5.773362490055607e-07,1.0,0.0164717902712
702,7.0200000000000005,5e-06,5.781598385191207e-07,1.0,0.0164717902712
703,7.03,5e-06,5.789834280326807e-07,1.0,0.0164717902712
704,7.04,5e-06,5.798070175462406e-07,1.0,0.0164717902712
705,7.05,5e-06,5.806306070598006e-07,1.0,0.0164717902712
706,7.0600000000000005,5e-06,5.814541965733606e-07,1.0,0.0164717902712
707,7.07,5e-06,5.822777860869205e-07,1.0,0.0164717902712
708,7.08,5e-06,5.831013756004805e-07,1.0,0.0164717902712
709,7.09,5e-06,5.839249651140405e-07,1.0,0.0164717902712
710,7.1000000000000005,5e-06,5.847485546276004e-07,1.0,0.0164717902712
711,7.11,5e-06,5.855721441411604e-07,1.0,0.0164717902712
712,7.12,5e-06,5.863957336547204e-07,1.0,0.0164717902712
713,7.13,5e-06,5.872193231682803e-07,1.0,0.0164717902712
714,7.140000000000001,5e-06,5.880429126818403e-07,1.0,0.0164717902712
715,7.15,5e-06,5.888665021954003e-07,1.0,0.0164717902712
716,7.16,5e-06,5.896900917089602e-07,1.0,0.0164717902712
717,7.17,5e-06,5.905136812225202e-07,1.0,0.0164717902712
718,7.18,5e-06,5.913372707360802e-07,1.0,0.0164717902712
719,7.19,5e-06,5.921608602496401e-07,1.0,0.0164717902712
720,7.2,5e-06,5.929844497632001e-07,1.0,0.0164717902712
721,7.21,5e-06,5.9380803927676e-07,1.0,0.0164717902712
722,7.22,5e-06,5.9463162879032e-07,1.0,0.0164717902712
723,7.23,5e-06,5.9545521830388e-07,1.0,0.0164717902712
724,7.24,5e-06,5.9627880781744e-07,1.0,0.0164717902712
725,7.25,5e-06,5.971023973309999e-07,1.0,0.0164717902712
726,7.26,5e-06,5.979259868445599e-07,1.0,0.0164717902712
727,7.2700000000000005,5e-06,5.987495763581198e-07,1.0,0.0164717902712
728,7.28,5e-06,5.995731658716798e-07,1.0,0.0164717902712
729,7.29,5e-06,6.003967553852398e-07,1.0,0.0164717902712
730,7.3,5e-06,6.012203448987997e-07,1.0,0.0164717902712
731,7.3100000000000005,5e-06,6.020439344123597e-07,1.0,0.0164717902712
732,7.32,5e-06,6.028675239259197e-07,1.0,0.0164717902712
733,7.33,5e-06,6.036911134394796e-07,1.0,0.0164717902712
734,7.34,5e-06,6.045147029530396e-07,1.0,0.0164717902712
735,7.3500000000000005,5e-06,6.053382924665996e-07,1.0,0.0164717902712
736,7.36,5e-06,6.061618819801595e-07,1.0,0.0164717902712
737,7.37,5e-06,6.069854714937195e-07,1.0,0.0164717902712
738,7.38,5e-06,6.078090610072795e-07,1.0,0.0164717902712
739,7.390000000000001,5e-06,6.086326505208394e-07,1.0,0.0164717902712
740,7.4,5e-06,6.094562400343994e-07,1.0,0.0164717902712
741,7.41,5e-06,6.102798295479594e-07,1.0,0.0164717902712
742,7.42,5e-06,6.111034190615193e-07,1.0,0.0164717902712
743,7.43,5e-06,6.119270085750793e-07,1.0,0.0164717902712
744,7.44,5e-06,6.127505980886393e-07,1.0,0.0164717902712
745,7.45,5e-06,6.135741876021992e-07,1.0,0.0164717902712
746,7.46,5e-06,6.143977771157592e-07,1.0,0.0164717902712
747,7.47,5e-06,6.152213666293192e-07,1.0,0.0164717902712
748,7.48,5e-06,6.160449561428791e-07,1.0,0.0164717902712
749,7.49,5e-06,6.168685456564391e-07,1.0,0.0164717902712
750,7.5,5e-06,6.176921351699991e-07,1.0,0.0164717902712
751,7.51,5e-06,6.18515724683559e-07,1.0,0.0164717902712
752,7.5200000000000005,5e-06,6.19339314197119e-07,1.0,0.0164717902712
753,7.53,5e-06,6.20162903710679e-07,1.0,0.0164717902712
754,7.54,5e-06,6.209864932242389e-07,1.0,0.0164717902712
755,7.55,5e-06,6.218100827377989e-07,1.0,0.0164717902712
756,7.5600000000000005,5e-06,6.226336722513589e-07,1.0,0.0164717902712
757,7.57,5e-06,6.234572617649188e-07,1.0,0.0164717902712
758,7.58,5e-06,6.242808512784788e-07,1.0,0.0164717902712
759,7.59,5e-06,6.251044407920388e-07,1.0,0.0164717902712
760,7.6000000000000005,5e-06,6.259280303055987e-07,1.0,0.0164717902712
761,7.61,5e-06,6.267516198191587e-07,1.0,0.0164717902712
762,7.62,5e-06,6.275752093327187e-07,1.0,0.0164717902712
763,7.63,5e-06,6.283987988462786e-07,1.0,0.0164717902712
764,7.640000000000001,5e-06,6.292223883598386e-07,1.0,0.0164717902712
765,7.65,5e-06,6.300459778733986e-07,1.0,0.0164717902712
766,7.66,5e-06,6.308695673869585e-07,1.0,0.0164717902712
767,7.67,5e-06,6.316931569005185e-07,1.0,0.0164717902712
768,7.68,5e-06,6.325167464140785e-07,1.0,0.0164717902712
769,7.69,5e-06,6.333403359276384e-07,1.0,0.0164717902712
770,7.7,5e-06,6.341639254411984e-07,1.0,0.0164717902712
771,7.71,5e-06,6.349875149547584e-07,1.0,0.0164717902712
772,7.72,5e-06,6.358111044683183e-07,1.0,0.0164717902712
773,7.73,5e-06,6.366346939818783e-07,1.0,0.0164717902712
774,7.74,5e-06,6.374582834954383e-07,1.0,0.0164717902712
775,7.75,5e-06,6.382818730089982e-07,1.0,0.0164717902712
776,7.76,5e-06,6.391054625225582e-07,1.0,0.0164717902712
777,7.7700000000000005,5e-06,6.399290520361182e-07,1.0,0.0164717902712
778,7.78,5e-06,6.407526415496781e-07,1.0,0.0164717902712
779,7.79,5e-06,6.415762310632381e-07,1.0,0.0164717902712
780,7.8,5e-06,6.423998205767981e-07,1.0,0.0164717902712
781,7.8100000000000005,5e-06,6.43223410090358e-07,1.0,0.0164717902712
782,7.82,5e-06,6.44046999603918e-07,1.0,0.0164717902712
783,7.83,5e-06,6.44870589117478e-07,1.0,0.0164717902712
784,7.84,5e-06,6.456941786310379e-07,1.0,0.0164717902712
785,7.8500000000000005,5e-06,6.465177681445979e-07,1.0,0.0164717902712
786,7.86,5e-06,6.473413576581579e-07,1.0,0.0164717902712
787,7.87,5e-06,6.481649471717178e-07,1.0,0.0164717902712
788,7.88,5e-06,6.489885366852778e-07,1.0,0.0164717902712
789,7.890000000000001,5e-06,6.498121261988378e-07,1.0,0.0164717902712
790,7.9,5e-06,6.506357157123977e-07,1.0,0.0164717902712
791,7.91,5e-06,6.514593052259577e-07,1.0,0.0164717902712
792,7.92,5e-06,6.522828947395177e-07,1.0,0.0164717902712
793,7.930000000000001,5e-06,6.531064842530776e-07,1.0,0.0164717902712
794,7.94,5e-06,6.539300737666376e-07,1.0,0.0164717902712
795,7.95,5e-06,6.547536632801976e-07,1.0,0.0164717902712
796,7.96,5e-06,6.555772527937575e-07,1.0,0.0164717902712
797,7.97,5e-06,6.564008423073175e-07,1.0,0.0164717902712
798,7.98,5e-06,6.572244318208775e-07,1.0,0.0164717902712
799,7.99,5e-06,6.580480213344374e-07,1.0,0.0164717902712
800,8.0,5e-06,6.588716108479974e-07,1.0,0.0164717902712
801,8.01,5e-06,6.596952003615574e-07,1.0,0.0164717902712
802,8.02,5e-06,6.605187898751173e-07,1.0,0.0164717902712
803,8.03,5e-06,6.613423793886773e-07,1.0,0.0164717902712
804,8.040000000000001,5e-06,6.621659689022373e-07,1.0,0.0164717902712
805,8.05,5e-06,6.629895584157972e-07,1.0,0.0164717902712
806,8.06,5e-06,6.638131479293572e-07,1.0,0.0164717902712
807,8.07,5e-06,6.646367374429172e-07,1.0,0.0164717902712
808,8.08,5e-06,6.654603269564771e-07,1.0,0.0164717902712
809,8.09,5e-06,6.662839164700371e-07,1.0,0.0164717902712
810,8.1,5e-06,6.67107505983597e-07,1.0,0.0164717902712
811,8.11,5e-06,6.67931095497157e-07,1.0,0.0164717902712
812,8.120000000000001,5e-06,6.68754685010717e-07,1.0,0.0164717902712
813,8.13,5e-06,6.69578274524277e-07,1.0,0.0164717902712
814,8.14,5e-06,6.704018640378369e-07,1.0,0.0164717902712
815,8.15,5e-06,6.712254535513969e-07,1.0,0.0164717902712
816,8.16,5e-06,6.720490430649568e-07,1.0,0.0164717902712
817,8.17,5e-06,6.728726325785168e-07,1.0,0.0164717902712
818,8.18,5e-06,6.736962220920768e-07,1.0,0.0164717902712
819,8.19,5e-06,6.745198116056367e-07,1.0,0.0164717902712
820,8.2,5e-06,6.753434011191967e-07,1.0,0.0164717902712
821,8.21,5e-06,6.761669906327567e-07,1.0,0.0164717902712
822,8.22,5e-06,6.769905801463166e-07,1.0,0.0164717902712
823,8.23,5e-06,6.778141696598766e-07,1.0,0.0164717902712
824,8.24,5e-06,6.786377591734366e-07,1.0,0.0164717902712
825,8.25,5e-06,6.794613486869965e-07,1.0,0.0164717902712
826,8.26,5e-06,6.802849382005565e-07,1.0,0.0164717902712
827,8.27,5e-06,6.811085277141165e-07,1.0,0.0164717902712
828,8.28,5e-06,6.819321172276764e-07,1.0,0.0164717902712
829,8.290000000000001,5e-06,6.827557067412364e-07,1.0,0.0164717902712
830,8.3,5e-06,6.835792962547964e-07,1.0,0.0164717902712
831,8.31,5e-06,6.844028857683563e-07,1.0,0.0164717902712
832,8.32,5e-06,6.852264752819163e-07,1.0,0.0164717902712
833,8.33,5e-06,6.860500647954763e-07,1.0,0.0164717902712
834,8.34,5e-06,6.868736543090362e-07,1.0,0.0164717902712
835,8.35,5e-06,6.876972438225962e-07,1.0,0.0164717902712
836,8.36,5e-06,6.885208333361562e-07,1.0,0.0164717902712
837,8.370000000000001,5e-06,6.893444228497161e-07,1.0,0.0164717902712
838,8.38,5e-06,6.901680123632761e-07,1.0,0.0164717902712
839,8.39,5e-06,6.909916018768361e-07,1.0,0.0164717902712
840,8.4,5e-06,6.91815191390396e-07,1.0,0.0164717902712
841,8.41,5e-06,6.92638780903956e-07,1.0,0.0164717902712
842,8.42,5e-06,6.93462370417516e-07,1.0,0.0164717902712
843,8.43,5e-06,6.942859599310759e-07,1.0,0.0164717902712
844,8.44,5e-06,6.951095494446359e-07,1.0,0.0164717902712
845,8.45,5e-06,6.959331389581959e-07,1.0,0.0164717902712
846,8.46,5e-06,6.967567284717558e-07,1.0,0.0164717902712
847,8.47,5e-06,6.975803179853158e-07,1.0,0.0164717902712
848,8.48,5e-06,6.984039074988758e-07,1.0,0.0164717902712
849,8.49,5e-06,6.992274970124357e-07,1.0,0.0164717902712
850,8.5,5e-06,7.000510865259957e-07,1.0,0.0164717902712
851,8.51,5e-06,7.008746760395557e-07,1.0,0.0164717902712
852,8.52,5e-06,7.016982655531156e-07,1.0,0.0164717902712
853,8.53,5e-06,7.025218550666756e-07,1.0,0.0164717902712
854,8.540000000000001,5e-06,7.033454445802356e-07,1.0,0.0164717902712
855,8.55,5e-06,7.041690340937955e-07,1.0,0.0164717902712
856,8.56,5e-06,7.049926236073555e-07,1.0,0.0164717902712
857,8.57,5e-06,7.058162131209155e-07,1.0,0.0164717902712
858,8.58,5e-06,7.066398026344754e-07,1.0,0.0164717902712
859,8.59,5e-06,7.074633921480354e-07,1.0,0.0164717902712
860,8.6,5e-06,7.082869816615954e-07,1.0,0.0164717902712
861,8.61,5e-06,7.091105711751553e-07,1.0,0.0164717902712
862,8.620000000000001,5e-06,7.099341606887153e-07,1.0,0.0164717902712
863,8.63,5e-06,7.107577502022753e-07,1.0,0.0164717902712
864,8.64,5e-06,7.115813397158352e-07,1.0,0.0164717902712
865,8.65,5e-06,7.124049292293952e-07,1.0,0.0164717902712
866,8.66,5e-06,7.132285187429552e-07,1.0,0.0164717902712
867,8.67,5e-06,7.140521082565151e-07,1.0,0.0164717902712
868,8.68,5e-06,7.148756977700751e-07,1.0,0.0164717902712
869,8.69,5e-06,7.156992872836351e-07,1.0,0.0164717902712
870,8.700000000000001,5e-06,7.16522876797195e-07,1.0,0.0164717902712
871,8.71,5e-06,7.17346466310755e-07,1.0,0.0164717902712
872,8.72,5e-06,7.18170055824315e-07,1.0,0.0164717902712
873,8.73,5e-06,7.189936453378749e-07,1.0,0.0164717902712
874,8.74,5e-06,7.198172348514349e-07,1.0,0.0164717902712
875,8.75,5e-06,7.206408243649949e-07,1.0,0.0164717902712
876,8.76,5e-06,7.214644138785548e-07,1.0,0.0164717902712
877,8.77,5e-06,7.222880033921148e-07,1.0,0.0164717902712
878,8.78,5e-06,7.231115929056748e-07,1.0,0.0164717902712
879,8.790000000000001,5e-06,7.239351824192347e-07,1.0,0.0164717902712
880,8.8,5e-06,7.247587719327947e-07,1.0,0.0164717902712
881,8.81,5e-06,7.255823614463547e-07,1.0,0.0164717902712
882,8.82,5e-06,7.264059509599146e-07,1.0,0.0164717902712
883,8.83,5e-06,7.272295404734746e-07,1.0,0.0164717902712
884,8.84,5e-06,7.280531299870346e-07,1.0,0.0164717902712
885,8.85,5e-06,7.288767195005945e-07,1.0,0.0164717902712
886,8.86,5e-06,7.297003090141545e-07,1.0,0.0164717902712
887,8.870000000000001,5e-06,7.305238985277145e-07,1.0,0.0164717902712
888,8.88,5e-06,7.313474880412744e-07,1.0,0.0164717902712
889,8.89,5e-06,7.321710775548344e-07,1.0,0.0164717902712
890,8.9,5e-06,7.329946670683944e-07,1.0,0.0164717902712
891,8.91,5e-06,7.338182565819543e-07,1.0,0.0164717902712
892,8.92,5e-06,7.346418460955143e-07,1.0,0.0164717902712
893,8.93,5e-06,7.354654356090743e-07,1.0,0.0164717902712
894,8.94,5e-06,7.362890251226342e-07,1.0,0.0164717902712
895,8.950000000000001,5e-06,7.371126146361942e-07,1.0,0.0164717902712
896,8.96,5e-06,7.379362041497542e-07,1.0,0.0164717902712
897,8.97,5e-06,7.387597936633141e-07,1.0,0.0164717902712
898,8.98,5e-06,7.395833831768741e-07,1.0,0.0164717902712
899,8.99,5e-06,7.40406972690434e-07,1.0,0.0164717902712
900,9.0,5e-06,7.41230562203994e-07,1.0,0.0164717902712
901,9.01,5e-06,7.42054151717554e-07,1.0,0.0164717902712
902,9.02,5e-06,7.42877741231114e-07,1.0,0.0164717902712
903,9.03,5e-06,7.437013307446739e-07,1.0,0.0164717902712
904,9.040000000000001,5e-06,7.445249202582339e-07,1.0,0.0164717902712
905,9.05,5e-06,7.453485097717938e-07,1.0,0.0164717902712
906,9.06,5e-06,7.461720992853538e-07,1.0,0.0164717902712
907,9.07,5e-06,7.469956887989138e-07,1.0,0.0164717902712
908,9.08,5e-06,7.478192783124737e-07,1.0,0.0164717902712
909,9.09,5e-06,7.486428678260337e-07,1.0,0.0164717902712
910,9.1,5e-06,7.494664573395937e-07,1.0,0.0164717902712
911,9.11,5e-06,7.502900468531536e-07,1.0,0.0164717902712
912,9.120000000000001,5e-06,7.511136363667136e-07,1.0,0.0164717902712
913,9.13,5e-06,7.519372258802736e-07,1.0,0.0164717902712
914,9.14,5e-06,7.527608153938335e-07,1.0,0.0164717902712
915,9.15,5e-06,7.535844049073935e-07,1.0,0.0164717902712
916,9.16,5e-06,7.544079944209535e-07,1.0,0.0164717902712
917,9.17,5e-06,7.552315839345134e-07,1.0,0.0164717902712
918,9.18,5e-06,7.560551734480734e-07,1.0,0.0164717902712
919,9.19,5e-06,7.568787629616334e-07,1.0,0.0164717902712
920,9.200000000000001,5e-06,7.577023524751933e-07,1.0,0.0164717902712
921,9.21,5e-06,7.585259419887533e-07,1.0,0.0164717902712
922,9.22,5e-06,7.593495315023133e-07,1.0,0.0164717902712
923,9.23,5e-06,7.601731210158732e-07,1.0,0.0164717902712
924,9.24,5e-06,7.609967105294332e-07,1.0,0.0164717902712
925,9.25,5e-06,7.618203000429932e-07,1.0,0.0164717902712
926,9.26,5e-06,7.626438895565531e-07,1.0,0.0164717902712
927,9.27,5e-06,7.634674790701131e-07,1.0,0.0164717902712
928,9.28,5e-06,7.642910685836731e-07,1.0,0.0164717902712
929,9.290000000000001,5e-06,7.65114658097233e-07,1.0,0.0164717902712
930,9.3,5e-06,7.65938247610793e-07,1.0,0.0164717902712
931,9.31,5e-06,7.66761837124353e-07,1.0,0.0164717902712
932,9.32,5e-06,7.675854266379129e-07,1.0,0.0164717902712
933,9.33,5e-06,7.684090161514729e-07,1.0,0.0164717902712
934,9.34,5e-06,7.692326056650329e-07,1.0,0.0164717902712
935,9.35,5e-06,7.700561951785928e-07,1.0,0.0164717902712
936,9.36,5e-06,7.708797846921528e-07,1.0,0.0164717902712
937,9.370000000000001,5e-06,7.717033742057128e-07,1.0,0.0164717902712
938,9.38,5e-06,7.725269637192727e-07,1.0,0.0164717902712
939,9.39,5e-06,7.733505532328327e-07,1.0,0.0164717902712
940,9.4,5e-06,7.741741427463927e-07,1.0,0.0164717902712
941,9.41,5e-06,7.749977322599526e-07,1.0,0.0164717902712
942,9.42,5e-06,7.758213217735126e-07,1.0,0.0164717902712
943,9.43,5e-06,7.766449112870726e-07,1.0,0.0164717902712
944,9.44,5e-06,7.774685008006325e-07,1.0,0.0164717902712
945,9.450000000000001,5e-06,7.782920903141925e-07,1.0,0.0164717902712
946,9.46,5e-06,7.791156798277525e-07,1.0,0.0164717902712
947,9.47,5e-06,7.799392693413124e-07,1.0,0.0164717902712
948,9.48,5e-06,7.807628588548724e-07,1.0,0.0164717902712
949,9.49,5e-06,7.815864483684324e-07,1.0,0.0164717902712
950,9.5,5e-06,7.824100378819923e-07,1.0,0.0164717902712
951,9.51,5e-06,7.832336273955523e-07,1.0,0.0164717902712
952,9.52,5e-06,7.840572169091123e-07,1.0,0.0164717902712
953,9.53,5e-06,7.848808064226722e-07,1.0,0.0164717902712
954,9.540000000000001,5e-06,7.857043959362322e-07,1.0,0.0164717902712
955,9.55,5e-06,7.865279854497922e-07,1.0,0.0164717902712
956,9.56,5e-06,7.873515749633521e-07,1.0,0.0164717902712
957,9.57,5e-06,7.881751644769121e-07,1.0,0.0164717902712
958,9.58,5e-06,7.889987539904721e-07,1.0,0.0164717902712
959,9.59,5e-06,7.89822343504032e-07,1.0,0.0164717902712
960,9.6,5e-06,7.90645933017592e-07,1.0,0.0164717902712
961,9.61,5e-06,7.91469522531152e-07,1.0,0.0164717902712
962,9.620000000000001,5e-06,7.922931120447119e-07,1.0,0.0164717902712
963,9.63,5e-06,7.931167015582719e-07,1.0,0.0164717902712
964,9.64,5e-06,7.939402910718319e-07,1.0,0.0164717902712
965,9.65,5e-06,7.947638805853918e-07,1.0,0.0164717902712
966,9.66,5e-06,7.955874700989518e-07,1.0,0.0164717902712
967,9.67,5e-06,7.964110596125118e-07,1.0,0.0164717902712
968,9.68,5e-06,7.972346491260717e-07,1.0,0.0164717902712
969,9.69,5e-06,7.980582386396317e-07,1.0,0.0164717902712
970,9.700000000000001,5e-06,7.988818281531917e-07,1.0,0.0164717902712
971,9.71,5e-06,7.997054176667516e-07,1.0,0.0164717902712
972,9.72,5e-06,8.005290071803116e-07,1.0,0.0164717902712
973,9.73,5e-06,8.013525966938716e-07,1.0,0.0164717902712
974,9.74,5e-06,8.021761862074315e-07,1.0,0.0164717902712
975,9.75,5e-06,8.029997757209915e-07,1.0,0.0164717902712
976,9.76,5e-06,8.038233652345515e-07,1.0,0.0164717902712
977,9.77,5e-06,8.046469547481114e-07,1.0,0.0164717902712
978,9.78,5e-06,8.054705442616714e-07,1.0,0.0164717902712
979,9.790000000000001,5e-06,8.062941337752314e-07,1.0,0.0164717902712
980,9.8,5e-06,8.071177232887913e-07,1.0,0.0164717902712
981,9.81,5e-06,8.079413128023513e-07,1.0,0.0164717902712
982,9.82,5e-06,8.087649023159113e-07,1.0,0.0164717902712
983,9.83,5e-06,8.095884918294712e-07,1.0,0.0164717902712
984,9.84,5e-06,8.104120813430312e-07,1.0,0.0164717902712
985,9.85,5e-06,8.112356708565912e-07,1.0,0.0164717902712
986,9.86,5e-06,8.120592603701511e-07,1.0,0.0164717902712
987,9.870000000000001,5e-06,8.128828498837111e-07,1.0,0.0164717902712
988,9.88,5e-06,8.13706439397271e-07,1.0,0.0164717902712
989,9.89,5e-06,8.14530028910831e-07,1.0,0.0164717902712
990,9.9,5e-06,8.15353618424391e-07,1.0,0.0164717902712
991,9.91,5e-06,8.16177207937951e-07,1.0,0.0164717902712
992,9.92,5e-06,8.170007974515109e-07,1.0,0.0164717902712
993,9.93,5e-06,8.178243869650709e-07,1.0,0.0164717902712
994,9.94,5e-06,8.186479764786308e-07,1.0,0.0164717902712
995,9.950000000000001,5e-06,8.194715659921908e-07,1.0,0.0164717902712
996,9.96,5e-06,8.202951555057508e-07,1.0,0.0164717902712
997,9.97,5e-06,8.211187450193107e-07,1.0,0.0164717902712
998,9.98,5e-06,8.219423345328707e-07,1.0,0.0164717902712
999,9.99,5e-06,8.227659240464307e-07,1.0,0.0164717902712
1000,10.0,5e-06,8.235895135599906e-07,,
